title,response,section_index
Ethical considerations and societal impact of generative ai in creative industri,"Generative AI's integration into creative industries presents a complex array of ethical considerations and societal impacts, beginning with profound challenges to existing copyright frameworks and the very notion of originality, as questions arise concerning ownership of AI-generated works, their derivativeness from training data, and the legal implications for human creators whose styles or works are mimicked.",1
Ethical considerations and societal impact of generative ai in creative industri,"Furthermore, the technology poses a significant threat of job displacement for artists, writers, musicians, and designers, potentially devaluing human creativity through mass production of easily accessible content, although it may also foster new roles in AI curation, prompt engineering, or hybrid creative processes.",2
Ethical considerations and societal impact of generative ai in creative industri,"The ability to produce highly realistic and convincing synthetic media also fuels concerns about authenticity, the proliferation of deepfakes, and the potential for misinformation or malicious content to erode public trust in media and artistic expression, necessitating robust detection and ethical usage guidelines.",3
Ethical considerations and societal impact of generative ai in creative industri,"Moreover, inherent biases within the vast datasets used to train these AI models can lead to the perpetuation or amplification of stereotypes, resulting in AI-generated creative content that lacks diverse representation or even reinforces harmful societal prejudices.",4
Ethical considerations and societal impact of generative ai in creative industri,"Finally, a critical ethical dilemma revolves around the sourcing of training data itself, often scraped from the internet without explicit consent or fair compensation to the original creators, raising urgent calls for transparent data governance, intellectual property rights protection, and equitable remuneration mechanisms for the artists whose life's work inadvertently fuels these powerful new tools.",5
Historical precedents for current global supply chain disruptions and inflation,"Global supply chain disruptions and inflationary pressures, while acutely felt today, have deep historical precedents, illustrating recurring patterns in economic history.",1
Historical precedents for current global supply chain disruptions and inflation,"Throughout various eras, events such as major wars, like the Napoleonic Wars or the World Wars, have severely fragmented trade routes and reallocated productive capacity towards military efforts, creating acute shortages of civilian goods and raw materials, similar to how recent geopolitical tensions and trade disputes affect modern logistics.",2
Historical precedents for current global supply chain disruptions and inflation,"Furthermore, historical pandemics, from the Black Death to the Spanish Flu, decimated labor forces and disrupted agricultural and industrial production, leading to localized or widespread shortages and price increases, much like COVID-19's impact on manufacturing and shipping; inflationary spirals have also been fueled by excessive money printing to finance conflicts, as seen in many post-war economies, or by sudden commodity shocks, such as the 1970s oil crises that triggered stagflation by simultaneously increasing costs and dampening economic growth.",3
Historical precedents for current global supply chain disruptions and inflation,"The Roman Empire's debasement of coinage, medieval labor shortages following plagues, and the hyperinflation of Weimar Germany are potent examples demonstrating how disruptions to production, distribution, and monetary policy consistently lead to economic instability and diminished purchasing power.",4
Historical precedents for current global supply chain disruptions and inflation,"Understanding these past episodes underscores that current challenges are not entirely novel but rather modern iterations of classic economic phenomena, offering valuable, if often unheeded, lessons on resilience, diversification, and fiscal prudence.",5
Development of new materials for sustainable packaging and their environmental i,"The urgent global need to reduce plastic pollution and resource depletion has spurred significant innovation in new materials for sustainable packaging, moving away from conventional fossil-fuel-derived plastics towards more environmentally benign alternatives.",1
Development of new materials for sustainable packaging and their environmental i,"Key developments include the advancement of bioplastics like polylactic acid (PLA) and polyhydroxyalkanoates (PHAs), which are bio-based and often compostable, alongside an increased focus on recycled content materials (PCR plastics, recycled paper/cardboard), cellulose-based composites, and even mycelium-grown packaging, each offering distinct properties and end-of-life options.",2
Development of new materials for sustainable packaging and their environmental i,"The primary environmental impacts of these innovations are overwhelmingly positive, encompassing reduced greenhouse gas emissions, decreased reliance on finite virgin resources, lower energy consumption during production, and the potential for a circular economy through enhanced recyclability, biodegradability, or compostability, thereby mitigating landfill burden and ecosystem contamination.",3
Development of new materials for sustainable packaging and their environmental i,"However, the widespread adoption of these new materials faces challenges, such as ensuring sufficient performance (e.g., barrier properties for shelf-life), addressing higher production costs, scaling manufacturing processes, and critically, establishing robust global infrastructure for collection, sorting, and processing (whether recycling or industrial composting) to truly realize their environmental benefits, while also navigating complex consumer perceptions and preventing 'greenwashing' claims.",4
Development of new materials for sustainable packaging and their environmental i,"Ultimately, the ongoing research and development in sustainable packaging materials represent a crucial frontier in environmental stewardship, demanding a holistic life cycle assessment approach to ensure that the chosen solutions genuinely minimize overall ecological footprints from cradle to grave, integrating material science with responsible design and effective waste management systems.",5
Accuracy and utility of wearable fitness trackers in promoting long term health ,"Wearable fitness trackers have become ubiquitous tools, promising enhanced self-awareness and improved health outcomes through continuous monitoring of various physiological parameters like steps, heart rate, sleep patterns, and calorie expenditure.",1
Accuracy and utility of wearable fitness trackers in promoting long term health ,"While generally accurate for activity tracking and resting heart rate, their precision can vary significantly across devices and activities, with challenges in accurately capturing complex movements, differentiating between types of sleep, or precisely estimating calorie burn, which necessitates users to interpret data with a degree of critical awareness.",2
Accuracy and utility of wearable fitness trackers in promoting long term health ,"Despite these accuracy nuances, their primary utility lies in promoting behavioral change by offering real-time feedback, setting achievable goals, fostering competition, and providing motivation, which can effectively encourage increased physical activity and better sleep hygiene in the short term.",3
Accuracy and utility of wearable fitness trackers in promoting long term health ,"However, translating these short-term behavioral shifts into sustained, long-term health improvements often depends on individual adherence, consistent engagement with the device and its data, and the integration of tracker insights into broader, holistic health strategies, rather than solely relying on the device for motivation.",4
Accuracy and utility of wearable fitness trackers in promoting long term health ,"Ultimately, while wearables serve as valuable facilitators for health awareness and initial habit formation, their long-term impact on chronic disease prevention and overall well-being is maximized when combined with intrinsic motivation, educational support, and professional health guidance, recognizing their role as a supportive tool rather than a standalone solution.",5
Data privacy and security concerns with the growing adoption of smart home devic,"The rapid proliferation of smart home devices, from voice assistants to connected cameras and thermostats, introduces significant data privacy and security challenges as these gadgets continuously collect vast amounts of personal and behavioral information.",1
Data privacy and security concerns with the growing adoption of smart home devic,"This extensive data collection raises profound privacy concerns, as devices often monitor daily routines, conversations, and even health metrics, potentially leading to intrusive surveillance, behavioral profiling, and the sharing of sensitive data with third parties without explicit user consent.",2
Data privacy and security concerns with the growing adoption of smart home devic,"Concurrently, the often-weak security protocols and fragmented update cycles of many smart home products create fertile ground for cyberattacks, making them vulnerable to hacking, unauthorized access to cameras or microphones, and data breaches that could compromise a household's digital and even physical security.",3
Data privacy and security concerns with the growing adoption of smart home devic,"The aggregate risk includes the potential for identity theft, blackmail, or even using compromised devices as entry points into broader home networks, highlighting the critical need for industry-wide security standards, transparent data handling practices, and greater consumer awareness to protect against these evolving threats.",4
Data privacy and security concerns with the growing adoption of smart home devic,"Ultimately, addressing these interwoven privacy and security vulnerabilities is paramount to fostering trust and ensuring the safe, ethical integration of smart technology into our homes.",5
Effectiveness of the 4 day work week on employee well being and output,"The burgeoning global interest in the 4-day work week stems from its purported benefits for both employee well-being and organizational output, presenting a compelling alternative to traditional work structures.",1
Effectiveness of the 4 day work week on employee well being and output,"Empirical evidence frequently highlights substantial positive impacts on employee well-being, including significant reductions in stress and burnout, improved mental health outcomes, and a greater sense of work-life balance due to extended personal time.",2
Effectiveness of the 4 day work week on employee well being and output,"However, the success of these well-being enhancements often hinges on effective implementation; without careful workload management, compressing five days of work into four can lead to more intense, potentially stressful workdays, challenging the very well-being it aims to improve.",3
Effectiveness of the 4 day work week on employee well being and output,"Regarding output, numerous pilot programs and company transitions indicate that productivity is frequently maintained or even enhanced, as employees often exhibit increased focus, higher motivation, and reduced absenteeism when granted more leisure time.",4
Effectiveness of the 4 day work week on employee well being and output,"In conclusion, while successful adoption necessitates strategic planning and a commitment to efficiency, the overall trend suggests that the 4-day work week can be highly effective in cultivating a more engaged and healthier workforce without detrimental effects on, and often with improvements to, overall organizational output.",5
Impact of rising interest rates on personal savings mortgage rates and consumer ,"Rising interest rates, typically implemented by central banks to combat inflation, exert a multi-faceted influence across personal finance.",1
Impact of rising interest rates on personal savings mortgage rates and consumer ,"For personal savings, higher rates are generally beneficial, as banks offer more attractive returns on deposits like savings accounts, certificates of deposit (CDs), and money market accounts, encouraging individuals to save more and earn greater passive income.",2
Impact of rising interest rates on personal savings mortgage rates and consumer ,"Conversely, mortgage rates experience a direct upward trend, making new home loans significantly more expensive and increasing monthly payments for those with variable-rate mortgages, thereby reducing housing affordability and potentially slowing the real estate market.",3
Impact of rising interest rates on personal savings mortgage rates and consumer ,"This translates into a substantial impact on consumer spending, as the increased cost of borrowing for mortgages, credit cards, and auto loans, coupled with higher inflation that erodes purchasing power, leaves households with less discretionary income, leading to reduced expenditure on non-essentials.",4
Impact of rising interest rates on personal savings mortgage rates and consumer ,"Consequently, the combined effect of higher saving incentives, increased debt servicing costs, and diminished disposable income often results in a slowdown in overall economic activity as consumers and businesses become more cautious with their financial decisions.",5
Re evaluating historical figures and monuments through contemporary social justi,Re-evaluating historical figures and monuments through contemporary social justice lenses is a critical and complex undertaking that reflects evolving societal values and a deeper commitment to inclusive narratives.,1
Re evaluating historical figures and monuments through contemporary social justi,"This process is essential for rectifying historical omissions and glorifications that often sideline marginalized experiences, promoting a more honest and comprehensive understanding of the past that acknowledges harms and injustices.",2
Re evaluating historical figures and monuments through contemporary social justi,"However, it presents significant challenges, including navigating the complexities of historical context versus present-day moral standards, avoiding anachronism, and addressing concerns about 'cancel culture' or erasing history, which necessitate careful, evidence-based deliberation rather than impulsive reactions.",3
Re evaluating historical figures and monuments through contemporary social justi,"Constructive approaches involve comprehensive public education, contextualizing existing monuments with additional information, commissioning new memorials that represent broader societal contributions, or, in some cases, the judicious and democratic removal of figures whose legacies are irreconcilable with fundamental human rights principles.",4
Re evaluating historical figures and monuments through contemporary social justi,"Ultimately, this ongoing re-evaluation aims to foster a more equitable public sphere where historical representation genuinely serves to educate, inspire, and reflect the diverse aspirations of all citizens, rather than perpetuating exclusionary or oppressive narratives.",5
The effectiveness of micro workouts and exercise snacking for busy individuals,Micro workouts and exercise snacking offer highly effective strategies for busy individuals to integrate physical activity into demanding schedules.,1
The effectiveness of micro workouts and exercise snacking for busy individuals,"These brief, high-intensity or moderate-intensity bouts, often lasting just a few minutes, significantly lower the barrier to entry for exercise by eliminating the need for dedicated gym time or extensive preparation.",2
The effectiveness of micro workouts and exercise snacking for busy individuals,"Examples include taking the stairs instead of the elevator, performing a quick set of squats or push-ups during a work break, or engaging in a brisk 5-minute walk hourly, all of which accumulate throughout the day.",3
The effectiveness of micro workouts and exercise snacking for busy individuals,"Research supports that these accumulated bursts contribute meaningfully to cardiovascular health, strength, and metabolic fitness, while also providing valuable mental breaks that can boost focus and reduce stress.",4
The effectiveness of micro workouts and exercise snacking for busy individuals,"Ultimately, by making movement more accessible and less intimidating, micro workouts and exercise snacking empower individuals to consistently meet physical activity guidelines and reap substantial health benefits without disrupting their packed routines.",5
The role of the gut microbiome in human health mood and disease prevention,"The gut microbiome, an intricate ecosystem of trillions of microorganisms residing within the human digestive tract, plays a profoundly multifaceted role that extends far beyond mere digestion, acting as a crucial determinant of overall human health and well-being.",1
The role of the gut microbiome in human health mood and disease prevention,"This diverse microbial community significantly influences metabolic processes by aiding in the breakdown of indigestible dietary fibers, synthesizing essential vitamins such as K and various B vitamins, and regulating energy harvest, all of which are vital for maintaining physiological homeostasis and optimal nutrient absorption.",2
The role of the gut microbiome in human health mood and disease prevention,"Critically, the bidirectional communication along the gut-brain axis allows the microbiome to directly impact mood and cognitive function through the production of key neurotransmitters like serotonin and gamma-aminobutyric acid (GABA), modulation of systemic inflammation, and influencing stress responses, thereby intimately linking gut health to mental well-being and neurological resilience.",3
The role of the gut microbiome in human health mood and disease prevention,"Furthermore, a diverse and balanced gut microbiome is instrumental in disease prevention, bolstering the immune system against pathogens, reducing the risk of chronic inflammatory conditions such as irritable bowel disease, obesity, type 2 diabetes, certain cancers, and even influencing the development of autoimmune disorders.",4
The role of the gut microbiome in human health mood and disease prevention,"Maintaining a healthy microbiome through a diet rich in diverse fibers, limiting processed foods, managing stress effectively, and judicious use of antibiotics, alongside potential benefits from prebiotics and probiotics, represents a fundamental strategy for enhancing overall resilience, preventing a broad spectrum of diseases, and promoting a positive mood throughout the lifespan.",5
The psychological effects of hybrid work models on team cohesion and individual ,"Hybrid work models present a multifaceted psychological impact, simultaneously offering distinct benefits and challenges that significantly influence both team cohesion and individual well-being within an organizational context.",1
The psychological effects of hybrid work models on team cohesion and individual ,"Regarding team cohesion, the reduced frequency of spontaneous in-person interactions inherent in hybrid setups often diminishes informal bonding, weakens social capital, and can inadvertently foster 'in-group/out-group' dynamics between those working remotely and their office-based counterparts.",2
The psychological effects of hybrid work models on team cohesion and individual ,"Individually, while flexibility and autonomy can improve work-life balance for many, the model frequently introduces feelings of isolation, blurs the boundaries between professional and personal life, and can heighten anxieties related to visibility, career progression, and perceived exclusion from crucial office discussions or social events.",3
The psychological effects of hybrid work models on team cohesion and individual ,"Nevertheless, when effectively managed with intentional communication strategies and dedicated in-person collaboration sessions, hybrid work can enhance team trust through demonstrated autonomy and diversify perspectives, ultimately strengthening collective problem-solving by alleviating pressure for constant physical presence.",4
The psychological effects of hybrid work models on team cohesion and individual ,"For individuals, the autonomy granted by hybrid arrangements can profoundly reduce commute-related stress and burnout, empowering greater control over work environments and personal schedules, which, when coupled with proactive measures against isolation, significantly contributes to improved mental well-being and job satisfaction.",5
Mental health implications of excessive social media use and doomscrolling,"Excessive social media use, particularly the phenomenon of doomscrolling, presents significant and multifaceted mental health implications. Doomscrolling refers to the compulsive consumption of negative news or information online, often late into the night, which is exacerbated by algorithms designed to maximize engagement. This constant inundation with often distressing content, combined with the inherently comparison-driven nature of social platforms, creates a fertile ground for psychological distress and undermines overall well-being.",1
Mental health implications of excessive social media use and doomscrolling,"The most immediate mental health consequences include heightened levels of anxiety, stress, and depressive symptoms. Users are frequently exposed to a relentless stream of global crises, personal tragedies, and social injustices, which can trigger feelings of helplessness, fear, and hopelessness. Furthermore, the pervasive 'highlight reel' culture on social media often leads to social comparison, fostering feelings of inadequacy, low self-esteem, and envy, as individuals perceive their own lives as falling short compared to curated online portrayals.",2
Mental health implications of excessive social media use and doomscrolling,"Beyond direct exposure to negativity, the psychological mechanisms at play include the 'fear of missing out' (FOMO), which compels continuous checking and engagement, creating a vicious cycle of dependency. Algorithmic reinforcement plays a crucial role, as platforms learn user preferences and continuously feed similar content, making it difficult to disengage from negative spirals once they begin. This constant vigilance also disrupts natural sleep patterns, as blue light exposure and mental overstimulation from devices interfere with melatonin production and the ability to wind down.",3
Mental health implications of excessive social media use and doomscrolling,"The impact extends to cognitive functions and daily life, manifesting as reduced attention spans, difficulty concentrating on tasks, and decreased productivity. Paradoxically, despite being hyper-connected online, individuals can experience increased feelings of loneliness and social isolation, as digital interactions often lack the depth and authenticity of in-person relationships. The time devoted to endless scrolling also displaces healthier activities such such as exercise, reading, genuine social interaction, and self-reflection.",4
Mental health implications of excessive social media use and doomscrolling,"Ultimately, the cumulative effect of excessive social media use and doomscrolling is a pervasive erosion of mental resilience and emotional stability. Recognizing these profound implications is the first step towards fostering healthier digital habits, emphasizing the critical need for digital literacy, mindful consumption of online content, and promoting a balanced approach to technology integration in our lives to safeguard psychological health.",5
Advances in personalized medicine through genomics and its implications for dail,"Personalized medicine, propelled by remarkable advances in genomics, is revolutionizing healthcare by tailoring medical decisions, treatments, and products to the individual patient, rather than applying a ""one-size-fits-all"" approach. This paradigm shift leverages an individual's unique genetic blueprint to optimize health outcomes and prevent disease.",1
Advances in personalized medicine through genomics and its implications for dail,"Through high-throughput sequencing technologies, genomics allows for the comprehensive analysis of an individual's entire genome or specific genes, identifying predispositions to diseases like cancer, diabetes, and heart conditions, as well as predicting responses to various medications. This precise diagnostic capability moves beyond symptomatic treatment to address underlying genetic causes and risks.",2
Advances in personalized medicine through genomics and its implications for dail,"For daily life, this means more effective drug therapies with fewer adverse effects, as physicians can prescribe medications based on pharmacogenomic insights into how an individual metabolizes or responds to specific compounds, significantly improving treatment efficacy for conditions ranging from psychiatric disorders to oncology.",3
Advances in personalized medicine through genomics and its implications for dail,"Furthermore, personalized genomic information empowers individuals to make proactive and informed lifestyle choices regarding diet, exercise, and preventative screenings, engaging them as active participants in managing their own health and well-being, potentially delaying or preventing disease onset.",4
Advances in personalized medicine through genomics and its implications for dail,"While ethical considerations regarding data privacy, equitable access, and the interpretation of complex genetic information remain crucial challenges, the ongoing integration of genomics into routine clinical practice promises a future where healthcare is inherently more predictive, preventive, personalized, and participatory, profoundly transforming daily health management.",5
The emergence of fractional investing platforms for alternative assets for retai,"The emergence of fractional investing platforms for alternative assets for retail investors marks a significant democratizing shift in wealth management, allowing everyday individuals to access previously exclusive markets.",1
The emergence of fractional investing platforms for alternative assets for retai,"These innovative platforms leverage technology to divide high-value assets like real estate, fine art, private equity, collectibles, and even vineyards into smaller, affordable units, thereby lowering the entry barrier for a broader investor base.",2
The emergence of fractional investing platforms for alternative assets for retai,"This accessibility provides retail investors with diversification opportunities beyond traditional stocks and bonds, potentially offering higher returns and inflation hedges while enabling them to participate in asset classes historically reserved for institutional or ultra-high-net-worth individuals.",3
The emergence of fractional investing platforms for alternative assets for retai,"However, this democratized access also introduces complexities, including often illiquid secondary markets, the need for robust due diligence on underlying assets, and evolving regulatory landscapes that require careful navigation to protect investors.",4
The emergence of fractional investing platforms for alternative assets for retai,"Despite these challenges, the trend signifies a powerful evolution in investment strategies, fostering greater financial inclusion and potentially reshaping how wealth is accumulated and distributed across different economic strata, promising a more diversified and accessible investment landscape for the future.",5
The impact of ai tools on individual productivity in knowledge work,"AI tools are profoundly reshaping individual productivity in knowledge work by automating repetitive, time-consuming tasks, thereby freeing up professionals to focus on higher-value activities.",1
The impact of ai tools on individual productivity in knowledge work,"This automation extends beyond simple data entry, encompassing sophisticated functions like drafting reports, summarizing extensive documents, generating initial creative ideas, and synthesizing complex information, effectively augmenting human cognitive capabilities and accelerating problem-solving.",2
The impact of ai tools on individual productivity in knowledge work,"However, this integration also presents challenges, including the risk of over-reliance leading to skill degradation, the propagation of biases inherent in training data, and the critical need for human oversight to validate AI-generated outputs, which can sometimes introduce new bottlenecks.",3
The impact of ai tools on individual productivity in knowledge work,"Consequently, maximizing the benefits requires a strategic approach focused on developing new human-AI collaborative workflows, where individuals leverage AI as a co-pilot rather than a replacement, demanding continuous upskilling to manage and refine AI outputs effectively.",4
The impact of ai tools on individual productivity in knowledge work,"Ultimately, while the initial impact shows significant potential for boosting efficiency and innovation, the net effect on individual productivity is highly contingent on thoughtful implementation, user proficiency, and an evolving understanding of how best to integrate these powerful tools into the human workflow to foster truly augmented intelligence.",5
Crispr gene editing technology and its potential for treating genetic disorders,"CRISPR-Cas9, an acronym for Clustered Regularly Interspaced Short Palindromic Repeats, represents a groundbreaking gene-editing technology that has revolutionized molecular biology, derived from a natural bacterial immune system that defends against invading viruses.",1
Crispr gene editing technology and its potential for treating genetic disorders,"Its core mechanism involves a guide RNA (gRNA) molecule precisely leading the Cas9 enzyme to a specific target DNA sequence within the genome, where Cas9 then acts like molecular scissors to make a double-strand break, enabling researchers to accurately add, remove, or alter genetic material.",2
Crispr gene editing technology and its potential for treating genetic disorders,"This unparalleled precision offers immense therapeutic potential for treating a vast array of genetic disorders by correcting the underlying DNA mutations responsible for diseases such as cystic fibrosis, sickle cell anemia, Huntington's disease, and Duchenne muscular dystrophy, effectively aiming to fix the genetic root cause rather than just managing symptoms.",3
Crispr gene editing technology and its potential for treating genetic disorders,"While promising clinical trials are underway for several conditions, significant challenges remain, including the risk of off-target edits to unintended genomic locations, developing efficient and safe in vivo delivery systems, managing potential mosaicism in edited cells, and navigating complex ethical implications surrounding germline editing.",4
Crispr gene editing technology and its potential for treating genetic disorders,"Despite these hurdles, CRISPR's transformative power continues to drive intensive research and development, holding the profound long-term promise of ushering in a new era of personalized medicine where inherited diseases, previously considered untreatable, could one day be effectively cured through targeted genomic intervention.",5
Benefits and challenges of plant based diets for sustainable health and environm,"Plant-based diets offer substantial benefits for sustainable human health, primarily through their rich content of fiber, vitamins, minerals, and antioxidants, which are crucial for reducing the risk of chronic diseases such as heart disease, type 2 diabetes, and certain cancers, while also supporting healthy weight management and improved gut microbiome diversity.",1
Benefits and challenges of plant based diets for sustainable health and environm,"Environmentally, adopting plant-based eating significantly lessens our ecological footprint by reducing greenhouse gas emissions (especially methane from livestock), decreasing land and water usage associated with animal agriculture, mitigating deforestation, and minimizing water pollution from agricultural runoff, thus contributing to biodiversity preservation and climate change mitigation.",2
Benefits and challenges of plant based diets for sustainable health and environm,"However, these diets present specific health challenges, including the potential for nutrient deficiencies if not well-planned, particularly concerning vitamin B12, iron, calcium, iodine, zinc, and omega-3 fatty acids, which necessitates fortified foods or supplementation and a thorough understanding of nutrient sources to ensure adequate intake for all life stages.",3
Benefits and challenges of plant based diets for sustainable health and environm,"Furthermore, environmental and societal challenges arise from accessibility and affordability, as culturally appropriate and diverse plant-based options may be limited in some regions, and the production of highly processed plant-based alternatives can still carry an environmental cost related to industrial farming practices, packaging, and transportation.",4
Benefits and challenges of plant based diets for sustainable health and environm,"Ultimately, realizing the full potential of plant-based diets for both sustainable health and environmental stewardship requires a balanced approach, emphasizing whole, minimally processed foods, promoting nutrition education, addressing socioeconomic disparities in food access, and fostering responsible agricultural practices to ensure a truly sustainable and equitable food system.",5
The debate around ultra processed foods upfs and their link to chronic diseases,The increasing consumption of ultra-processed foods (UPFs) has ignited a significant public health debate concerning their profound link to a rising incidence of chronic diseases globally.,1
The debate around ultra processed foods upfs and their link to chronic diseases,"These foods, characterized by industrial formulations of ingredients often extracted from whole foods (like oils, starches, protein isolates) and containing numerous additives (flavors, colors, emulsifiers, sweeteners), are typically high in sugar, unhealthy fats, and sodium, while being low in fiber and essential micronutrients.",2
The debate around ultra processed foods upfs and their link to chronic diseases,"Research strongly suggests that their consumption contributes to conditions such as obesity, type 2 diabetes, cardiovascular disease, and certain cancers, often through mechanisms involving inflammation, gut microbiome disruption, rapid energy intake, and hyperpalatability that encourages overconsumption.",3
The debate around ultra processed foods upfs and their link to chronic diseases,"However, the debate remains complex, involving discussions on whether the observed associations are purely correlational or causal, the influence of other lifestyle factors, socioeconomic disparities in access and consumption, and the precise definition of ""ultra-processed"" itself, with some arguing that all processed foods are not equally harmful.",4
The debate around ultra processed foods upfs and their link to chronic diseases,"Ultimately, understanding this multifaceted relationship is crucial for developing effective dietary guidelines, public health policies, and promoting healthier food environments to mitigate the long-term societal burden of chronic diseases.",5
